INSERT INTO tournaments (id, name, organizer, mode, pitch_type, team_limit, image_url, description, status, start_date, end_date, created_at, updated_at, winner_id)
VALUES
  (990001, 'SEED - Demo Group Stage + Knockout', 'SEED DATA', 'GROUP_STAGE', 'PITCH_7', 16, NULL, 'Dữ liệu mẫu để test BXH/Thống kê/Biểu đồ/Bracket', 'LIVE', '2026-03-01', '2026-03-31', CURRENT_TIMESTAMP, CURRENT_TIMESTAMP, NULL);

INSERT INTO teams (id, name, logo_url, captain_user_id, created_at, updated_at)
VALUES
  (991001, 'SEED FC Test 173927', NULL, NULL, CURRENT_TIMESTAMP, CURRENT_TIMESTAMP),
  (991002, 'SEED FC Test 174099', NULL, NULL, CURRENT_TIMESTAMP, CURRENT_TIMESTAMP),
  (991003, 'SEED 22DTHC3', NULL, NULL, CURRENT_TIMESTAMP, CURRENT_TIMESTAMP),
  (991004, 'SEED FC Test 173771', NULL, NULL, CURRENT_TIMESTAMP, CURRENT_TIMESTAMP),
  (991005, 'SEED FC Test 223449', NULL, NULL, CURRENT_TIMESTAMP, CURRENT_TIMESTAMP),
  (991006, 'SEED FC Test 223669', NULL, NULL, CURRENT_TIMESTAMP, CURRENT_TIMESTAMP),
  (991007, 'SEED FC Test 223782', NULL, NULL, CURRENT_TIMESTAMP, CURRENT_TIMESTAMP),
  (991008, 'SEED FC Test 223934', NULL, NULL, CURRENT_TIMESTAMP, CURRENT_TIMESTAMP),
  (991009, 'SEED FC Test 224102', NULL, NULL, CURRENT_TIMESTAMP, CURRENT_TIMESTAMP),
  (991010, 'SEED FC Test 224284', NULL, NULL, CURRENT_TIMESTAMP, CURRENT_TIMESTAMP),
  (991011, 'SEED FC Test 224426', NULL, NULL, CURRENT_TIMESTAMP, CURRENT_TIMESTAMP),
  (991012, 'SEED FC Test 250193', NULL, NULL, CURRENT_TIMESTAMP, CURRENT_TIMESTAMP),
  (991013, 'SEED FC Test 250338', NULL, NULL, CURRENT_TIMESTAMP, CURRENT_TIMESTAMP),
  (991014, 'SEED FC Test 250470', NULL, NULL, CURRENT_TIMESTAMP, CURRENT_TIMESTAMP),
  (991015, 'SEED FC Test 251830', NULL, NULL, CURRENT_TIMESTAMP, CURRENT_TIMESTAMP),
  (991016, 'SEED FC Test 251998', NULL, NULL, CURRENT_TIMESTAMP, CURRENT_TIMESTAMP);

INSERT INTO players (id, full_name, jersey_number, role, position, avatar_url, team_id)
VALUES
  (992001, 'SEED Player 173927 #9', 9, NULL, 'FW', NULL, 991001),
  (992002, 'SEED Player 173927 #10', 10, NULL, 'MF', NULL, 991001),
  (992003, 'SEED Player 174099 #9', 9, NULL, 'FW', NULL, 991002),
  (992004, 'SEED Player 174099 #10', 10, NULL, 'MF', NULL, 991002),
  (992005, 'SEED Player 22DTHC3 #9', 9, NULL, 'FW', NULL, 991003),
  (992006, 'SEED Player 22DTHC3 #10', 10, NULL, 'MF', NULL, 991003),
  (992007, 'SEED Player 173771 #9', 9, NULL, 'FW', NULL, 991004),
  (992008, 'SEED Player 173771 #10', 10, NULL, 'MF', NULL, 991004),
  (992009, 'SEED Player 223449 #9', 9, NULL, 'FW', NULL, 991005),
  (992010, 'SEED Player 223449 #10', 10, NULL, 'MF', NULL, 991005),
  (992011, 'SEED Player 223669 #9', 9, NULL, 'FW', NULL, 991006),
  (992012, 'SEED Player 223669 #10', 10, NULL, 'MF', NULL, 991006),
  (992013, 'SEED Player 223782 #9', 9, NULL, 'FW', NULL, 991007),
  (992014, 'SEED Player 223782 #10', 10, NULL, 'MF', NULL, 991007),
  (992015, 'SEED Player 223934 #9', 9, NULL, 'FW', NULL, 991008),
  (992016, 'SEED Player 223934 #10', 10, NULL, 'MF', NULL, 991008),
  (992017, 'SEED Player 224102 #9', 9, NULL, 'FW', NULL, 991009),
  (992018, 'SEED Player 224102 #10', 10, NULL, 'MF', NULL, 991009),
  (992019, 'SEED Player 224284 #9', 9, NULL, 'FW', NULL, 991010),
  (992020, 'SEED Player 224284 #10', 10, NULL, 'MF', NULL, 991010),
  (992021, 'SEED Player 224426 #9', 9, NULL, 'FW', NULL, 991011),
  (992022, 'SEED Player 224426 #10', 10, NULL, 'MF', NULL, 991011),
  (992023, 'SEED Player 250193 #9', 9, NULL, 'FW', NULL, 991012),
  (992024, 'SEED Player 250193 #10', 10, NULL, 'MF', NULL, 991012),
  (992025, 'SEED Player 250338 #9', 9, NULL, 'FW', NULL, 991013),
  (992026, 'SEED Player 250338 #10', 10, NULL, 'MF', NULL, 991013),
  (992027, 'SEED Player 250470 #9', 9, NULL, 'FW', NULL, 991014),
  (992028, 'SEED Player 250470 #10', 10, NULL, 'MF', NULL, 991014),
  (992029, 'SEED Player 251830 #9', 9, NULL, 'FW', NULL, 991015),
  (992030, 'SEED Player 251830 #10', 10, NULL, 'MF', NULL, 991015),
  (992031, 'SEED Player 251998 #9', 9, NULL, 'FW', NULL, 991016),
  (992032, 'SEED Player 251998 #10', 10, NULL, 'MF', NULL, 991016);

INSERT INTO tournament_registrations (id, tournament_id, team_id, registered_by_user_id, status, group_name, created_at, updated_at)
VALUES
  (993001, 990001, 991001, NULL, 'APPROVED', 'A', CURRENT_TIMESTAMP, CURRENT_TIMESTAMP),
  (993002, 990001, 991002, NULL, 'APPROVED', 'A', CURRENT_TIMESTAMP, CURRENT_TIMESTAMP),
  (993003, 990001, 991003, NULL, 'APPROVED', 'A', CURRENT_TIMESTAMP, CURRENT_TIMESTAMP),
  (993004, 990001, 991004, NULL, 'APPROVED', 'A', CURRENT_TIMESTAMP, CURRENT_TIMESTAMP),
  (993005, 990001, 991005, NULL, 'APPROVED', 'B', CURRENT_TIMESTAMP, CURRENT_TIMESTAMP),
  (993006, 990001, 991006, NULL, 'APPROVED', 'B', CURRENT_TIMESTAMP, CURRENT_TIMESTAMP),
  (993007, 990001, 991007, NULL, 'APPROVED', 'B', CURRENT_TIMESTAMP, CURRENT_TIMESTAMP),
  (993008, 990001, 991008, NULL, 'APPROVED', 'B', CURRENT_TIMESTAMP, CURRENT_TIMESTAMP),
  (993009, 990001, 991009, NULL, 'APPROVED', 'C', CURRENT_TIMESTAMP, CURRENT_TIMESTAMP),
  (993010, 990001, 991010, NULL, 'APPROVED', 'C', CURRENT_TIMESTAMP, CURRENT_TIMESTAMP),
  (993011, 990001, 991011, NULL, 'APPROVED', 'C', CURRENT_TIMESTAMP, CURRENT_TIMESTAMP),
  (993012, 990001, 991012, NULL, 'APPROVED', 'C', CURRENT_TIMESTAMP, CURRENT_TIMESTAMP),
  (993013, 990001, 991013, NULL, 'APPROVED', 'D', CURRENT_TIMESTAMP, CURRENT_TIMESTAMP),
  (993014, 990001, 991014, NULL, 'APPROVED', 'D', CURRENT_TIMESTAMP, CURRENT_TIMESTAMP),
  (993015, 990001, 991015, NULL, 'APPROVED', 'D', CURRENT_TIMESTAMP, CURRENT_TIMESTAMP),
  (993016, 990001, 991016, NULL, 'APPROVED', 'D', CURRENT_TIMESTAMP, CURRENT_TIMESTAMP);

INSERT INTO matches (id, tournament_id, home_team_id, away_team_id, home_score, away_score, round_name, scheduled_at, location, lineup_json, events_json, status, created_at, updated_at)
VALUES
  (994001, 990001, 991001, 991002, 2, 1, 'Bảng A - Vòng 1', '2026-03-05 19:00:00', NULL, NULL, NULL, 'FINISHED', CURRENT_TIMESTAMP, CURRENT_TIMESTAMP),
  (994002, 990001, 991003, 991004, 0, 0, 'Bảng A - Vòng 1', '2026-03-05 20:00:00', NULL, NULL, NULL, 'FINISHED', CURRENT_TIMESTAMP, CURRENT_TIMESTAMP),
  (994003, 990001, 991001, 991003, 1, 3, 'Bảng A - Vòng 2', '2026-03-08 19:00:00', NULL, NULL, NULL, 'FINISHED', CURRENT_TIMESTAMP, CURRENT_TIMESTAMP),
  (994004, 990001, 991002, 991004, 2, 2, 'Bảng A - Vòng 2', '2026-03-08 20:00:00', NULL, NULL, NULL, 'FINISHED', CURRENT_TIMESTAMP, CURRENT_TIMESTAMP),
  (994005, 990001, 991001, 991004, NULL, NULL, 'Bảng A - Vòng 3', '2026-03-11 19:00:00', NULL, NULL, NULL, 'SCHEDULED', CURRENT_TIMESTAMP, CURRENT_TIMESTAMP),
  (994006, 990001, 991002, 991003, NULL, NULL, 'Bảng A - Vòng 3', '2026-03-11 20:00:00', NULL, NULL, NULL, 'SCHEDULED', CURRENT_TIMESTAMP, CURRENT_TIMESTAMP),

  (994011, 990001, 991005, 991006, 1, 0, 'Bảng B - Vòng 1', '2026-03-06 19:00:00', NULL, NULL, NULL, 'FINISHED', CURRENT_TIMESTAMP, CURRENT_TIMESTAMP),
  (994012, 990001, 991007, 991008, 0, 2, 'Bảng B - Vòng 1', '2026-03-06 20:00:00', NULL, NULL, NULL, 'FINISHED', CURRENT_TIMESTAMP, CURRENT_TIMESTAMP),
  (994013, 990001, 991005, 991007, 2, 2, 'Bảng B - Vòng 2', '2026-03-09 19:00:00', NULL, NULL, NULL, 'FINISHED', CURRENT_TIMESTAMP, CURRENT_TIMESTAMP),
  (994014, 990001, 991006, 991008, 1, 3, 'Bảng B - Vòng 2', '2026-03-09 20:00:00', NULL, NULL, NULL, 'FINISHED', CURRENT_TIMESTAMP, CURRENT_TIMESTAMP),
  (994015, 990001, 991005, 991008, NULL, NULL, 'Bảng B - Vòng 3', '2026-03-12 19:00:00', NULL, NULL, NULL, 'SCHEDULED', CURRENT_TIMESTAMP, CURRENT_TIMESTAMP),
  (994016, 990001, 991006, 991007, NULL, NULL, 'Bảng B - Vòng 3', '2026-03-12 20:00:00', NULL, NULL, NULL, 'SCHEDULED', CURRENT_TIMESTAMP, CURRENT_TIMESTAMP),

  (994021, 990001, 991009, 991010, 3, 1, 'Bảng C - Vòng 1', '2026-03-07 19:00:00', NULL, NULL, NULL, 'FINISHED', CURRENT_TIMESTAMP, CURRENT_TIMESTAMP),
  (994022, 990001, 991011, 991012, 1, 2, 'Bảng C - Vòng 1', '2026-03-07 20:00:00', NULL, NULL, NULL, 'FINISHED', CURRENT_TIMESTAMP, CURRENT_TIMESTAMP),
  (994023, 990001, 991009, 991011, 0, 1, 'Bảng C - Vòng 2', '2026-03-10 19:00:00', NULL, NULL, NULL, 'FINISHED', CURRENT_TIMESTAMP, CURRENT_TIMESTAMP),
  (994024, 990001, 991010, 991012, 2, 2, 'Bảng C - Vòng 2', '2026-03-10 20:00:00', NULL, NULL, NULL, 'FINISHED', CURRENT_TIMESTAMP, CURRENT_TIMESTAMP),
  (994025, 990001, 991009, 991012, NULL, NULL, 'Bảng C - Vòng 3', '2026-03-13 19:00:00', NULL, NULL, NULL, 'SCHEDULED', CURRENT_TIMESTAMP, CURRENT_TIMESTAMP),
  (994026, 990001, 991010, 991011, NULL, NULL, 'Bảng C - Vòng 3', '2026-03-13 20:00:00', NULL, NULL, NULL, 'SCHEDULED', CURRENT_TIMESTAMP, CURRENT_TIMESTAMP),

  (994031, 990001, 991013, 991014, 1, 1, 'Bảng D - Vòng 1', '2026-03-08 17:00:00', NULL, NULL, NULL, 'FINISHED', CURRENT_TIMESTAMP, CURRENT_TIMESTAMP),
  (994032, 990001, 991015, 991016, 2, 0, 'Bảng D - Vòng 1', '2026-03-08 18:00:00', NULL, NULL, NULL, 'FINISHED', CURRENT_TIMESTAMP, CURRENT_TIMESTAMP),
  (994033, 990001, 991013, 991015, 0, 2, 'Bảng D - Vòng 2', '2026-03-11 17:00:00', NULL, NULL, NULL, 'FINISHED', CURRENT_TIMESTAMP, CURRENT_TIMESTAMP),
  (994034, 990001, 991014, 991016, 3, 1, 'Bảng D - Vòng 2', '2026-03-11 18:00:00', NULL, NULL, NULL, 'FINISHED', CURRENT_TIMESTAMP, CURRENT_TIMESTAMP),
  (994035, 990001, 991013, 991016, NULL, NULL, 'Bảng D - Vòng 3', '2026-03-14 17:00:00', NULL, NULL, NULL, 'SCHEDULED', CURRENT_TIMESTAMP, CURRENT_TIMESTAMP),
  (994036, 990001, 991014, 991015, NULL, NULL, 'Bảng D - Vòng 3', '2026-03-14 18:00:00', NULL, NULL, NULL, 'SCHEDULED', CURRENT_TIMESTAMP, CURRENT_TIMESTAMP),

  (995001, 990001, 991003, 991008, 3, 1, 'Tứ kết', '2026-03-20 19:00:00', NULL, NULL, NULL, 'FINISHED', CURRENT_TIMESTAMP, CURRENT_TIMESTAMP),
  (995002, 990001, 991001, 991012, 2, 0, 'Tứ kết', '2026-03-20 20:00:00', NULL, NULL, NULL, 'FINISHED', CURRENT_TIMESTAMP, CURRENT_TIMESTAMP),
  (995003, 990001, 991015, 991005, 1, 2, 'Tứ kết', '2026-03-21 19:00:00', NULL, NULL, NULL, 'FINISHED', CURRENT_TIMESTAMP, CURRENT_TIMESTAMP),
  (995004, 990001, 991014, 991009, 0, 1, 'Tứ kết', '2026-03-21 20:00:00', NULL, NULL, NULL, 'FINISHED', CURRENT_TIMESTAMP, CURRENT_TIMESTAMP),
  (995011, 990001, 991003, 991001, 2, 1, 'Bán kết', '2026-03-25 19:00:00', NULL, NULL, NULL, 'FINISHED', CURRENT_TIMESTAMP, CURRENT_TIMESTAMP),
  (995012, 990001, 991005, 991009, 1, 1, 'Bán kết', '2026-03-25 20:00:00', NULL, NULL, NULL, 'FINISHED', CURRENT_TIMESTAMP, CURRENT_TIMESTAMP),
  (995021, 990001, 991003, 991009, 1, 0, 'Chung kết', '2026-03-29 19:00:00', NULL, NULL, NULL, 'FINISHED', CURRENT_TIMESTAMP, CURRENT_TIMESTAMP);

ALTER TABLE match_events
MODIFY COLUMN type VARCHAR(20) NOT NULL;

INSERT INTO match_events (id, match_id, team_side, player_id, minute, type, created_at, updated_at)
VALUES
  (996001, 994001, 'HOME', 992001, 12, 'GOAL', CURRENT_TIMESTAMP, CURRENT_TIMESTAMP),
  (996002, 994001, 'HOME', 992002, 55, 'GOAL', CURRENT_TIMESTAMP, CURRENT_TIMESTAMP),
  (996003, 994001, 'AWAY', 992003, 70, 'GOAL', CURRENT_TIMESTAMP, CURRENT_TIMESTAMP),
  (996004, 994001, 'HOME', 992002, 11, 'ASSIST', CURRENT_TIMESTAMP, CURRENT_TIMESTAMP),
  (996005, 994001, 'HOME', 992001, 54, 'ASSIST', CURRENT_TIMESTAMP, CURRENT_TIMESTAMP),

  (996011, 994003, 'HOME', 992001, 35, 'GOAL', CURRENT_TIMESTAMP, CURRENT_TIMESTAMP),
  (996012, 994003, 'AWAY', 992005, 10, 'GOAL', CURRENT_TIMESTAMP, CURRENT_TIMESTAMP),
  (996013, 994003, 'AWAY', 992005, 62, 'GOAL', CURRENT_TIMESTAMP, CURRENT_TIMESTAMP),
  (996014, 994003, 'AWAY', 992006, 88, 'GOAL', CURRENT_TIMESTAMP, CURRENT_TIMESTAMP),
  (996015, 994003, 'AWAY', 992006, 61, 'ASSIST', CURRENT_TIMESTAMP, CURRENT_TIMESTAMP),

  (996021, 994011, 'HOME', 992009, 44, 'GOAL', CURRENT_TIMESTAMP, CURRENT_TIMESTAMP),
  (996022, 994012, 'AWAY', 992016, 15, 'GOAL', CURRENT_TIMESTAMP, CURRENT_TIMESTAMP),
  (996023, 994012, 'AWAY', 992015, 66, 'GOAL', CURRENT_TIMESTAMP, CURRENT_TIMESTAMP),
  (996024, 994014, 'AWAY', 992015, 21, 'GOAL', CURRENT_TIMESTAMP, CURRENT_TIMESTAMP),
  (996025, 994014, 'AWAY', 992015, 78, 'GOAL', CURRENT_TIMESTAMP, CURRENT_TIMESTAMP),
  (996026, 994014, 'HOME', 992011, 50, 'GOAL', CURRENT_TIMESTAMP, CURRENT_TIMESTAMP),
  (996027, 994014, 'AWAY', 992016, 22, 'ASSIST', CURRENT_TIMESTAMP, CURRENT_TIMESTAMP),
  (996028, 994014, 'AWAY', 992016, 77, 'ASSIST', CURRENT_TIMESTAMP, CURRENT_TIMESTAMP),

  (996031, 994021, 'HOME', 992017, 9, 'GOAL', CURRENT_TIMESTAMP, CURRENT_TIMESTAMP),
  (996032, 994021, 'HOME', 992017, 58, 'GOAL', CURRENT_TIMESTAMP, CURRENT_TIMESTAMP),
  (996033, 994021, 'HOME', 992018, 71, 'GOAL', CURRENT_TIMESTAMP, CURRENT_TIMESTAMP),
  (996034, 994021, 'AWAY', 992019, 81, 'GOAL', CURRENT_TIMESTAMP, CURRENT_TIMESTAMP),
  (996035, 994021, 'HOME', 992018, 57, 'ASSIST', CURRENT_TIMESTAMP, CURRENT_TIMESTAMP),

  (996041, 994022, 'HOME', 992021, 35, 'GOAL', CURRENT_TIMESTAMP, CURRENT_TIMESTAMP),
  (996042, 994022, 'AWAY', 992023, 12, 'GOAL', CURRENT_TIMESTAMP, CURRENT_TIMESTAMP),
  (996043, 994022, 'AWAY', 992023, 90, 'GOAL', CURRENT_TIMESTAMP, CURRENT_TIMESTAMP),
  (996044, 994022, 'AWAY', 992024, 89, 'ASSIST', CURRENT_TIMESTAMP, CURRENT_TIMESTAMP),

  (996051, 994032, 'HOME', 992029, 8, 'GOAL', CURRENT_TIMESTAMP, CURRENT_TIMESTAMP),
  (996052, 994032, 'HOME', 992029, 73, 'GOAL', CURRENT_TIMESTAMP, CURRENT_TIMESTAMP),
  (996053, 994032, 'HOME', 992030, 72, 'ASSIST', CURRENT_TIMESTAMP, CURRENT_TIMESTAMP),
  (996054, 994034, 'HOME', 992028, 19, 'GOAL', CURRENT_TIMESTAMP, CURRENT_TIMESTAMP),
  (996055, 994034, 'HOME', 992028, 60, 'GOAL', CURRENT_TIMESTAMP, CURRENT_TIMESTAMP),
  (996056, 994034, 'HOME', 992028, 86, 'GOAL', CURRENT_TIMESTAMP, CURRENT_TIMESTAMP),
  (996057, 994034, 'AWAY', 992031, 65, 'GOAL', CURRENT_TIMESTAMP, CURRENT_TIMESTAMP),

  (996101, 995001, 'HOME', 992005, 13, 'GOAL', CURRENT_TIMESTAMP, CURRENT_TIMESTAMP),
  (996102, 995001, 'HOME', 992006, 48, 'GOAL', CURRENT_TIMESTAMP, CURRENT_TIMESTAMP),
  (996103, 995001, 'HOME', 992005, 79, 'GOAL', CURRENT_TIMESTAMP, CURRENT_TIMESTAMP),
  (996104, 995001, 'AWAY', 992015, 50, 'GOAL', CURRENT_TIMESTAMP, CURRENT_TIMESTAMP),

  (996111, 995002, 'HOME', 992001, 22, 'GOAL', CURRENT_TIMESTAMP, CURRENT_TIMESTAMP),
  (996112, 995002, 'HOME', 992001, 68, 'GOAL', CURRENT_TIMESTAMP, CURRENT_TIMESTAMP),

  (996121, 995004, 'AWAY', 992017, 52, 'GOAL', CURRENT_TIMESTAMP, CURRENT_TIMESTAMP),

  (996131, 995011, 'HOME', 992005, 11, 'GOAL', CURRENT_TIMESTAMP, CURRENT_TIMESTAMP),
  (996132, 995011, 'HOME', 992006, 66, 'GOAL', CURRENT_TIMESTAMP, CURRENT_TIMESTAMP),
  (996133, 995011, 'AWAY', 992001, 80, 'GOAL', CURRENT_TIMESTAMP, CURRENT_TIMESTAMP),

  (996141, 995012, 'HOME', 992009, 39, 'GOAL', CURRENT_TIMESTAMP, CURRENT_TIMESTAMP),
  (996142, 995012, 'AWAY', 992017, 62, 'GOAL', CURRENT_TIMESTAMP, CURRENT_TIMESTAMP),
  (996143, 995012, 'HOME', 992010, 38, 'ASSIST', CURRENT_TIMESTAMP, CURRENT_TIMESTAMP),

  (996151, 995021, 'HOME', 992006, 74, 'GOAL', CURRENT_TIMESTAMP, CURRENT_TIMESTAMP);
